"Name","Id","StartTime","PagedMemorySize"
"chrome","96","17.02.2021 9:29:49","65134592"
"chrome","600","17.02.2021 9:29:01","55898112"
"chrome","784","17.02.2021 9:28:04","180604928"
"chrome","1656","17.02.2021 9:29:15","45834240"
"chrome","3096","17.02.2021 9:29:26","67588096"
"chrome","3280","17.02.2021 10:31:24","120291328"
"chrome","3332","17.02.2021 9:28:04","21983232"
"chrome","4128","17.02.2021 9:29:37","56340480"
"chrome","4132","17.02.2021 9:28:34","51777536"
"chrome","4488","17.02.2021 9:29:46","71974912"
"chrome","4672","17.02.2021 9:28:29","61530112"
"chrome","5668","17.02.2021 11:51:13","98930688"
"chrome","7100","17.02.2021 9:29:42","55070720"
"chrome","8560","17.02.2021 9:28:17","85467136"
"chrome","8872","17.02.2021 9:28:17","116477952"
"chrome","9136","17.02.2021 9:28:17","71299072"
"chrome","9628","17.02.2021 9:29:37","45400064"
"chrome","9888","17.02.2021 11:15:20","50880512"
"chrome","9940","17.02.2021 9:28:03","2297856"
"chrome","10768","17.02.2021 9:29:45","64884736"
"chrome","11452","17.02.2021 11:43:26","43921408"
"chrome","11476","17.02.2021 9:28:23","7909376"
"chrome","11772","17.02.2021 9:28:04","36065280"
"chrome","12208","17.02.2021 11:51:14","13004800"
"chrome","13092","17.02.2021 9:28:04","8527872"
"chrome","13380","17.02.2021 9:28:02","331382784"
"chrome","13916","17.02.2021 9:28:50","60473344"
"chrome","14180","17.02.2021 9:28:20","118276096"
"chrome","14536","17.02.2021 9:28:04","31727616"
"chrome","14600","17.02.2021 9:28:38","58408960"
"chrome","14812","17.02.2021 9:28:38","102150144"
"chrome","14880","17.02.2021 9:29:26","68554752"
"chrome","15612","17.02.2021 9:28:23","104108032"
"chrome","15872","17.02.2021 9:28:04","169713664"
"chrome","16404","17.02.2021 9:29:51","69681152"
"chrome","16480","17.02.2021 9:28:53","68784128"
"chrome","17128","17.02.2021 11:42:29","44146688"
"chrome","17264","17.02.2021 9:28:04","258134016"
"chrome","17336","17.02.2021 9:29:12","67112960"
"chrome","17400","17.02.2021 9:28:04","28712960"
"chrome","17404","17.02.2021 9:29:51","71446528"
